"<img src=\"https://i.ibb.co/wW7kcKG/1456422982-preview-logo-square-300.png\" height=\"100\">","<img src=\"https://i.ibb.co/SwhPPv9/920773599521034280.png\" height=\"30\"><div style=\"font-size: 15px; margin-top: 5px;\"><b>CLASS</b></div>","<img src=\"https://i.ibb.co/x3JJ0Lh/crown.png\" height=\"30\"><div style=\"font-size: 15px; margin-top: 5px;\"><b>LEVEL</b></div>","<img src=\"https://i.ibb.co/cxxh4tv/grail.png\" height=\"30\"><div style=\"font-size: 15px; margin-top: 5px;\"><b>RANK</b></div>","<img src=\"https://i.ibb.co/v1wC7hm/731513967016673320.png\" width=\"49\"><div style=\"font-size: 15px; margin-top: 5px;\"><b>EXP UP</b></div>","<img src=\"https://i.ibb.co/37ZXpVG/Bez-nazwy-1.png\"  width=\"30\"><div style=\"font-size: 15px; margin-top: 5px;\"><b>PORTAL</b></div>","<img src=\"https://i.ibb.co/Rgr6bSr/Statistics.png\" height=\"30\"><div style=\"font-size: 15px; margin-top: 5px;\"><b>MAIN</b></div>","<img src=\"https://i.ibb.co/hM2wnfK/918184976963498005.png\" height=\"30\"><div style=\"font-size: 15px; margin-top: 5px;\"><b>CONST</b></div>","<img src=\"https://i.ibb.co/bdXyn8R/playarage.png\" height=\"30\"><div style=\"font-size: 15px; margin-top: 5px;\"><b>SUMMARY</b></div>","<img src=\"https://i.ibb.co/1RmDGgt/sf-emote-sunglasses.png\" height=\"30\"><div style=\"font-size: 15px; margin-top: 5px;\"><b>GAINED</b></div>","<img src=\"https://i.ibb.co/8MLNk23/sale.png\" height=\"30\"><div style=\"font-size: 15px; margin-top: 5px;\"><b>RATIO</b></div>","<img src=\"https://i.ibb.co/gjm9yJH/SO11.png\" height=\"30\"><div style=\"font-size: 15px; margin-top: 5px;\"><b>ITEMS</b></div>","<img src=\"https://i.ibb.co/tzSVQGM/arcane.png\" height=\"30\"><div style=\"font-size: 15px; margin-top: 5px;\"><b>SMITH</b></div>","<img src=\"https://i.ibb.co/NKQpFg6/869992570296610867-1.png\" height=\"30\"><div style=\"font-size: 15px; margin-top: 5px;\"><b>GEMS</b></div>","<img src=\"https://i.ibb.co/zmCMSPm/playa-Bm-Old.png\" height=\"30\"><div style=\"font-size: 15px; margin-top: 5px;\"><b>S‎UMMARY</b></div>","<img src=\"https://i.ibb.co/Rgr6bSr/Statistics.png\" height=\"30\"><div style=\"font-size: 15px; margin-top: 5px;\"><b>AVERAGE UPGRADES</b></div>","<img src=\"https://i.ibb.co/ySbyyxg/fire15.png\" height=\"30\"><div style=\"font-size: 14px; margin-top: 5px;\"><b>PETS</b></div>","<img src=\"https://i.ibb.co/G04vhrD/ld-cat.png\" height=\"30\"><div style=\"font-size: 14px; margin-top: 5px;\"><b>STATS</b></div>","<img src=\"https://i.ibb.co/k54NFK7/playa-Berserker.png\" height=\"30\"><div style=\"font-size: 15px; margin-top: 5px;\"><b>TOTAL</b></div>","<img src=\"https://i.ibb.co/n1XwwSb/playa-Bm-Old.png\" height=\"30\"><div style=\"font-size: 15px; margin-top: 5px;\"><b>GAINED</b></div>","<img src=\"https://i.ibb.co/8MLNk23/sale.png\" height=\"30\"><div style=\"font-size: 15px; margin-top: 5px;\"><b>RATIO</b></div>","<img src=\"https://i.ibb.co/Pw7wJd5/869992570296610867.png\" height=\"30\"><div style=\"font-size: 15px; margin-top: 5px;\"><b>HOK</b></div>","<img src=\"https://i.ibb.co/NdfvZPJN/yes.png\" width=\"30\"><div style=\"font-size: 15px; margin-top: 5px;\"><b>JOINED</b></div>","<img src=\"https://i.ibb.co/K5bynTp/Chromatic-gem.png\" height=\"30\"><div style=\"font-size: 14px; margin-top: 5px;\"><b>MINE</b></div>","<img src=\"https://i.ibb.co/Ypp7KWK/unplugged.png\" height=\"30\"><div style=\"font-size: 14px; margin-top: 5px;\"><b>LAST TIME IN GAME</b></div>","<img src=\"https://i.ibb.co/Ypp7KWK/unplugged.png\" height=\"30\"><div style=\"font-size: 14px; margin-top: 5px;\"><b>TIME OFFLINE</b></div"
"Athyx","","215","126","+0","3","1676","1636","3312","0","51/49","4866","842","1952","4698","5.1","13","882","14594","0","58/42","10/10","10.04.2026 16:00","10","25.04.2026 16:48","00:02:50"
"CoachCarter","","264","25","+0","6","2200","2135","4335","0","51/49","6644","1648","3570","6989","7.4","13","1331","21575","0","57/43","11/11","10.04.2026 16:04","10","25.04.2026 19:13","00:00:25"
"Havran","","242","36","+0","5","2064","2005","4069","0","51/49","5692","2316","1945","5183","11.5","12","1053","18577","0","52/48","10/10","12.04.2026 00:56","10","25.04.2026 19:11","00:00:28"
"MatejzOpavy","","231","109","+0","2","1971","1756","3727","0","53/47","5704","1020","2108","4801","5.3","12","943","16638","0","54/46","10/10","11.04.2026 18:06","10","25.04.2026 19:36","00:00:02"
"Raven","","265","29","+0","7","2322","2138","4460","0","52/48","6598","690","2700","5702","3.2","14","1266","19324","0","56/44","10/10","21.04.2026 22:35","10","25.04.2026 18:30","00:01:08"
"Malwich","","261","8","+0","5","2253","2095","4348","0","52/48","6164","2488","3204","6244","11.4","17","1738","21990","0","53/47","11/11","20.04.2026 18:57","10","25.04.2026 19:35","00:00:03"
"Alcarmo","","261","26","+0","7","2287","2276","4563","0","50/50","6306","1358","2322","4731","6.4","13","1180","19363","0","48/52","10/10","22.04.2026 13:23","10","25.04.2026 19:09","00:00:29"
"GoblinSlayer3000","","260","16","+0","6","2269","2100","4369","0","52/48","6520","1986","3605","6791","8.9","13","1330","21928","0","55/45","11/11","10.04.2026 16:13","10","25.04.2026 18:58","00:00:41"
"Tomi","","260","99","+0","7","2200","2200","4400","0","50/50","3543","0","0","1527","0","14","696","10622","0","47/53","11/11","11.04.2026 13:19","10","25.04.2026 19:11","00:00:28"
"Effee","","256","18","+0","7","2339","2157","4496","0","52/48","5936","1160","3437","6281","6","15","1423","20208","0","58/42","11/11","23.04.2026 14:34","10","25.04.2026 18:53","00:00:46"
"ZuminatorIV","","255","22","+0","5","2240","2029","4269","0","52/48","6158","2184","3110","6297","10.2","13","1270","20919","0","54/46","10/10","10.04.2026 16:11","10","25.04.2026 19:38","00:00:01"
"spajKK","","254","48","+0","5","1918","1973","3891","0","49/51","6138","2070","3256","6342","9.8","13","1241","20432","0","54/46","9/11","16.04.2026 14:34","10","25.04.2026 19:36","00:00:03"
"Shea","","251","20","+0","9","2308","2099","4407","0","52/48","6412","1820","3333","6426","8.4","13","1290","21252","0","54/46","11/11","22.04.2026 18:41","10","25.04.2026 19:24","00:00:14"
"CarlosekBM","","249","32","+0","4","2033","1800","3833","0","53/47","6012","1716","3650","6433","8.3","10","952","19963","0","56/44","10/10","13.04.2026 14:38","10","25.04.2026 19:30","00:00:09"
"X4RO","","248","51","+0","4","2128","1933","4061","0","52/48","5678","1574","3211","5889","7.9","11","991","19142","0","55/45","10/10","23.04.2026 16:23","10","25.04.2026 19:28","00:00:11"
"Dóvahkiin","","247","28","+0","7","2215","2100","4315","0","51/49","6110","1844","3377","6025","8.8","15","1483","21039","0","53/47","11/11","19.04.2026 18:13","10","25.04.2026 18:19","00:01:19"
"laura","","247","61","+0","6","2291","1971","4262","0","54/46","5584","2338","3492","6750","11.8","13","1260","20852","0","57/43","11/11","23.04.2026 20:45","11","25.04.2026 16:52","00:02:47"
"elgrecco","","244","115","+0","3","2069","1795","3864","0","54/46","5564","1428","3022","5626","7.6","10","868","18212","0","55/45","9/10","18.04.2026 22:08","10","25.04.2026 19:38","00:00:01"
"Jehla","","244","78","+0","4","2245","1600","3845","0","58/42","5514","1576","3128","5103","8.4","14","1231","18807","0","52/48","10/10","22.04.2026 20:32","10","25.04.2026 19:15","00:00:24"
"DonBeton","","244","53","+0","2","1996","1973","3969","0","50/50","5920","1306","3164","6139","6.4","11","1000","18947","0","57/43","11/11","24.04.2026 19:27","10","25.04.2026 17:36","00:02:03"
"Liuks","","243","50","+0","5","2098","1696","3794","0","55/45","5902","1562","3378","6416","7.9","12","1099","19391","0","58/42","9/10","23.04.2026 20:22","10","25.04.2026 16:46","00:02:53"
"Lemmy","","242","71","+0","4","1805","1605","3410","0","53/47","5706","1120","3346","5577","6","12","1019","17995","0","54/46","11/11","11.04.2026 12:25","10","25.04.2026 18:13","00:01:26"
"Michal","","240","52","+0","1","1943","1848","3791","0","51/49","5720","1680","3347","6059","8.5","13","1173","19343","0","55/45","10/10","16.04.2026 12:42","10","25.04.2026 19:37","00:00:01"
"Umpalumpik","","237","85","+0","5","2125","1753","3878","0","55/45","5538","0","3061","5074","0","11","870","16463","0","58/42","11/11","11.04.2026 17:22","10","25.04.2026 18:03","00:01:36"
"dadlosik","","237","72","+0","5","2009","1882","3891","0","52/48","5154","717","2650","4524","4.3","14","1087","16599","0","53/47","10/10","21.04.2026 22:08","10","25.04.2026 18:37","00:01:01"
"Felson22","","230","125","+0","3","2040","1805","3845","0","53/47","5314","856","1924","4401","5","13","966","15887","0","54/46","10/10","25.04.2026 14:45","10","25.04.2026 19:36","00:00:02"
"Folgrim","","230","87","+0","4","2016","1790","3806","0","53/47","5198","854","2471","4659","5","17","1330","16738","0","55/45","10/10","18.04.2026 12:54","10","25.04.2026 19:25","00:00:13"
"chomiksmurf","","229","193","+0","3","1786","1501","3287","0","54/46","5188","172","3182","4863","1","9","624","14113","0","62/38","11/11","23.04.2026 22:32","10","25.04.2026 16:16","00:03:22"
"Paces88","","229","112","+0","2","1951","1536","3487","0","56/44","5340","282","2587","4776","1.7","11","816","15433","0","58/42","10/10","14.04.2026 20:53","10","25.04.2026 15:29","00:04:10"
"R3DM0on","","229","161","+0","1","1614","1687","3301","0","49/51","5106","976","2342","4363","5.9","13","952","15606","0","51/49","11/11","10.04.2026 16:25","10","25.04.2026 19:36","00:00:03"
"Asubelle","","228","108","+0","2","1807","1554","3361","0","54/46","5360","1018","2466","4266","5.8","11","840","16094","0","50/50","10/10","24.04.2026 19:19","10","25.04.2026 19:38","00:00:01"
"ShortTerm Fun","","226","131","+0","2","1813","1766","3579","0","51/49","5054","1216","2647","5143","7.2","13","1007","16625","0","55/45","10/10","10.04.2026 16:09","10","25.04.2026 19:35","00:00:03"
"Nathan","","225","151","+0","2","1951","1549","3500","0","56/44","4524","580","2505","4247","3.4","14","973","14856","0","56/44","10/10","20.04.2026 23:36","10","25.04.2026 19:24","00:00:14"
"GokuEvo","","225","111","+0","2","1959","1492","3451","0","57/43","5286","632","2854","4705","3.7","13","987","16263","0","54/46","10/10","24.04.2026 16:37","10","25.04.2026 17:20","00:02:19"
"GutsF2P","","223","190","+0","1","1900","1579","3479","0","55/45","5316","440","3107","4864","2.6","13","997","16422","0","55/45","10/10","24.04.2026 16:31","10","25.04.2026 19:38","00:00:00"
"Maciekukier1","","222","172","+0","1","1730","1597","3327","0","52/48","5200","664","2151","4436","4","13","916","15091","0","54/46","10/11","23.04.2026 23:47","7","25.04.2026 18:43","00:00:56"
"BlackTeaCZ","","222","142","+0","3","1896","1351","3247","0","58/42","5192","68","2743","4236","0.4","11","780","14840","0","55/45","11/11","23.04.2026 22:26","10","25.04.2026 19:35","00:00:04"
"uGuardianYT","","217","202","+0","2","1730","1560","3290","0","53/47","4643","485","1962","3922","3.2","12","768","13741","0","54/46","10/10","12.04.2026 09:55","10","25.04.2026 19:05","00:00:34"
"Pilsner Urquell","","217","201","+0","1","1900","1606","3506","0","54/46","4706","30","2000","4139","0.2","10","664","13463","0","59/41","11/11","17.04.2026 22:49","10","25.04.2026 19:26","00:00:12"
"Furno1324","","216","176","+0","2","1820","1631","3451","0","53/47","4626","84","2821","4072","0.5","13","909","14634","0","54/46","10/10","23.04.2026 14:00","10","25.04.2026 17:48","00:01:50"
"kopa hnoja","","209","210","+0","1","1559","1517","3076","0","51/49","4470","274","2261","3925","1.6","13","815","13414","0","54/46","10/10","23.04.2026 00:46","9","25.04.2026 18:48","00:00:51"
"Jakub","","208","207","+0","1","1492","1437","2929","0","51/49","4068","390","2314","3436","3","13","788","12912","0","51/49","10/10","21.04.2026 20:21","10","25.04.2026 19:36","00:00:02"
"Doom","","206","260","+0","1","1637","1479","3116","0","53/47","4563","464","2132","3987","3.2","10","631","13472","0","54/46","10/11","13.04.2026 21:35","1","25.04.2026 17:10","00:02:28"
"iii","","206","268","+0","1","1691","1573","3264","0","52/48","4665","129","2092","4466","1","8","562","13247","0","62/38","11/11","16.04.2026 14:21","10","25.04.2026 19:38","00:00:01"
"Pujicek","","205","262","+0","1","1673","1490","3163","0","53/47","4477","386","1875","4337","2.7","12","743","13116","0","61/39","10/10","17.04.2026 23:50","10","25.04.2026 19:37","00:00:02"
"polki453","","203","309","+0","1","1434","1425","2859","0","50/50","4164","425","2059","3881","3.1","11","648","12529","0","56/44","10/10","10.04.2026 16:05","4","25.04.2026 19:33","00:00:05"
"spidlacze","","189","320","+0","0","1476","1248","2724","0","54/46","4045","436","2067","3882","3.3","11","647","12234","0","58/42","11/11","10.04.2026 16:08","5","25.04.2026 19:33","00:00:06"
"Doby","","184","284","+0","0","1434","1338","2772","0","52/48","3554","436","2668","3679","3.8","10","590","12375","0","54/46","11/11","10.04.2026 16:06","10","25.04.2026 18:47","00:00:51"
"PARACETAMOLO","","182","307","+0","0","1462","1208","2670","0","55/45","3976","714","1888","3481","5.5","7","394","11951","0","53/47","10/10","14.04.2026 20:56","10","25.04.2026 18:47","00:00:52"
"PregnantRonald0","","163","462","+0","0","1375","1340","2715","0","51/49","3298","0","2027","2670","0","11","554","10601","0","51/49","11/11","17.04.2026 22:48","8","25.04.2026 19:35","00:00:04"